OBJECTID,ARTWORK_NAME,ARTIST,MEDIUM,LOCATION_DETAIL,ADDRESS,WARD,LATITUDE,LONGITUDE,PIC_URL,THUMB_URL
5459,Atomic Passage 2009,Design Team Atomic Industries  Erin Stellmon Aaron Shepherd Adam Morey and Danielle Kelly,Art Furniture fabricated of cast concrete and glass composite inlay,Casino Center between Charleston and Colorado,Ward 3 (CLV Collection),,36.1574284496,-115.152349695,https://storage.googleapis.com/gisworkspace/public/imagery/historicsites/AtomicPassage.jpg,https://storage.googleapis.com/gisworkspace/public/imagery/historicsites/AtomicPassage.jpg
5447,Bearpoppy 2008,Jeff Fulmer,Hand cut powder-coated steel sculptures,Centennial Hills Community Center YMCA 6601 N Buffalo Dr,Ward 6 (CLV Collection),,36.2833185694,-115.262982009,https://storage.googleapis.com/gisworkspace/public/imagery/historicsites/BearPoppy.jpg,https://storage.googleapis.com/gisworkspace/public/imagery/historicsites/BearPoppy.jpg
5442,El Jardin 2006,Hank Saxe and Cynthia Patterson,Ceramic tile,Southeast corner of Stewart and Eastern,East Las Vegas Community/Senior Center 250 N Eastern Ave Ward 3 (CLV Collection),,36.1658037602,-115.113908721,https://storage.googleapis.com/gisworkspace/public/imagery/historicsites/ElJardin.jpg,https://storage.googleapis.com/gisworkspace/public/imagery/historicsites/ElJardin.jpg
5476,Las Vegas Townsite Auction 1905 1949 ,Crosby DeMoss,Oil on Canvas,2nd Floor City Hall Council Chambers 495 S Main Street,Ward 3 (CLV Collection),,36.1668986848,-115.148410375,https://storage.googleapis.com/gisworkspace/public/imagery/historicsites/LasVegasTownsiteAuction1905.JPG,https://storage.googleapis.com/gisworkspace/public/imagery/historicsites/LasVegasTownsiteAuction1905.JPG
5446,Marble Manor Mural 2008,Mark Melnick and Dayo Adelaja,Painted outdoor murals,Playground at Marble Manor Community Center 912 Gerson Ave,Ward 5 (CLV Collection,,36.1798835692,-115.153384731,https://storage.googleapis.com/gisworkspace/public/imagery/historicsites/MarbleManorMuralDayoAdelaja.jpg,https://storage.googleapis.com/gisworkspace/public/imagery/historicsites/MarbleManorMuralDayoAdelaja.jpg
5457,Paintbrush Gateway 2011,Dennis Oppenheim,Large-scale sculpture of galvanized steel aluminum perforated metal acrylic rod LED and string lights with lighted programming feature,Located on the north-east corner of 4th Street and Charleston,Ward 3 (CLV Collection),,36.1590429745,-115.148582748,https://storage.googleapis.com/gisworkspace/public/imagery/historicsites/PaintbrushGateway2.jpg,https://storage.googleapis.com/gisworkspace/public/imagery/historicsites/PaintbrushGateway2.jpg
5458,Paintbrush Gateway 2011,Dennis Oppenheim,Large-scale sculpture of galvanized steel aluminum perforated metal acrylic rod LED and string lights with lighted programming feature,Located on the south-west corner of Casino Center and Charleston,Ward 3 (CLV Collection),,36.1586667586,-115.152402831,https://storage.googleapis.com/gisworkspace/public/imagery/historicsites/PaintbrushGateway1.jpg,https://storage.googleapis.com/gisworkspace/public/imagery/historicsites/PaintbrushGateway1.jpg
5455,Pioneer Trail Banners 2006,Vicki Richardson and  Adolfo Gonzalez,45 vinyl banners 16 markers and signage along the Pioneer Trail from the Springs Preserve to the Old Mormon Fort,Brochure http://www.lasvegasnevada.gov/files/PioneerTrailBroch.pdf,Ward 1 (CLV Colllection),,36.1718657252,-115.19244602,https://storage.googleapis.com/gisworkspace/public/imagery/historicsites/PioneerTrail.JPG,https://storage.googleapis.com/gisworkspace/public/imagery/historicsites/PioneerTrail.JPG
5460,Poets Bridge 2002,Curated by Gregory Crosby Dayvid Figler and Debra Kohen,Lines of poetry inlaid into concrete by Nevada and Las Vegas poets,Located north of the Historic 5th Street School between 4th St and Las Vegas Blvd,Ward 3 (CLV Collection),,36.1660571617,-115.143535787,https://storage.googleapis.com/gisworkspace/public/imagery/historicsites/PoetsBridge.jpg,https://storage.googleapis.com/gisworkspace/public/imagery/historicsites/PoetsBridge.jpg
5421,Rivalis 7 2012,Sean Russell,Oil pastel and digital print on recycled fabric,7th Floor elevator well City Hall 495 S Main Street,Ward 3 (CLV Collection),,36.1675432048,-115.148329172,https://storage.googleapis.com/gisworkspace/public/imagery/historicsites/Rivalis7.JPG,https://storage.googleapis.com/gisworkspace/public/imagery/historicsites/Rivalis7.JPG
5426,Stop n Glow Bus Stop Shelter 2010,Catherine Borg,Bus stop shelter artwork on acrylic wind-screen panels for the Downtown Rapid Transit Stations,Paradise Rd and Convention Center Dr,Project completed in collaboration with RTC and Clark County,(Located in the County),36.1331471801,-115.155072288,https://storage.googleapis.com/gisworkspace/public/imagery/historicsites/StopandGlowCarherinBorg.jpg,https://storage.googleapis.com/gisworkspace/public/imagery/historicsites/StopandGlowCarherinBorg.jpg
5443,Statue of Rafael Rivera 1978,Jim Casey,Copper paint coated fiberglass,Front of building at the Latin Chamber of Commerce Community Foundation,Rafael Rivera Community Center,2800 E Stewart Ave,36.1651314372,-115.108392516,https://storage.googleapis.com/gisworkspace/public/imagery/historicsites/FormerRafaelRiveraCommunityCenter.jpg,https://storage.googleapis.com/gisworkspace/public/imagery/historicsites/FormerRafaelRiveraCommunityCenter.jpg
5468,Nautilus 2002,Larger Than Life Inc,Painted Outdoor Mural,Back picnic area,City of Las Vegas Municipal Pool,431 E Bonanza Road,36.174922077,-115.139769268,https://storage.googleapis.com/gisworkspace/public/imagery/historicsites/Nautilus.jpg,https://storage.googleapis.com/gisworkspace/public/imagery/historicsites/Nautilus.jpg
5445,Portrait of Sammy Davis Jr 1997,Constancia Gafeney,Cast Bronze,Courtyard inside the Sammy Davis Festival Plaza,Open to public only during performances,730 Twin Lakes Dr,36.178738091,-115.187500683,https://storage.googleapis.com/gisworkspace/public/imagery/historicsites/PortraitOfSammyDavisJr.jpg,https://storage.googleapis.com/gisworkspace/public/imagery/historicsites/PortraitOfSammyDavisJr.jpg
5473,Sammy Davis Garden Benches  1999 ,Wayne Littlejohn,Cast concrete,Garden area inside the Lorenzi Park Sammy Davis Plaza,Open to public only during performances,730 Twin Lakes Drive,36.1785246761,-115.187314243,https://storage.googleapis.com/gisworkspace/public/imagery/historicsites/SammyDavisGardenBenches.jpg,https://storage.googleapis.com/gisworkspace/public/imagery/historicsites/SammyDavisGardenBenches.jpg
5465,Control Tower 1988,Peter Shire,Steel sculpture,Entrance to KNPR's Donald W. Reynolds broadcasting studios,1289 S Torrey Pines Dr,Originally located at McCarran International Airport; relocated with assistance by the City of Las Vegas,36.1556650662,-115.234373588,https://storage.googleapis.com/gisworkspace/public/imagery/historicsites/ControlTower.jpg,https://storage.googleapis.com/gisworkspace/public/imagery/historicsites/ControlTower.jpg
5428,The Flashlight 1981,Claes Oldenburg and Coosje van Bruggen,Plaza between the Beam Music Center and the Judy Bayley Theater,University of Nevada Las Vegas 4505 S. Maryland Pkwy,UNLV Campus Art Collection,Photo credit Jerry Schefcik,36.1101078829,-115.139262503,https://storage.googleapis.com/gisworkspace/public/imagery/historicsites/UNLVFlashlight.jpg,https://storage.googleapis.com/gisworkspace/public/imagery/historicsites/UNLVFlashlight.jpg
5431,Orange Swirl (An Affair of the Heart) 2012,KD Matheson (painting) Miguel Rodriguez (sculpture),Painted sculpture,South of the Xeric Garden near the Marjorie Barrick Museum,University of Nevada Las Vegas 4505 S. Maryland Pkwy,UNLV Campus Art Collection,36.1066347755,-115.140917644,https://storage.googleapis.com/gisworkspace/public/imagery/historicsites/UNLVMatheson.jpg,https://storage.googleapis.com/gisworkspace/public/imagery/historicsites/UNLVMatheson.jpg
5430,Red (An Affair of the Heart) 2012,Jerry Misko (painting) Miguel Rodriguez (sculpture),Painted sculpture,North of the Donna Beam Gallery,University of Nevada Las Vegas 4505 S. Maryland Pkwy,UNLV Campus Art Collection,36.1096821529,-115.138923996,https://storage.googleapis.com/gisworkspace/public/imagery/historicsites/UNLVMisko.jpg,https://storage.googleapis.com/gisworkspace/public/imagery/historicsites/UNLVMisko.jpg
5429,Talisman 1990 ,Kevin Robb,Metal sculpture,West of the Tam Alumni Center and Grant Hall Gallery,University of Nevada Las Vegas 4505 S. Maryland Pkwy,UNLV Campus Art Collection,36.1085125155,-115.139131597,https://storage.googleapis.com/gisworkspace/public/imagery/historicsites/UNLVRobb.jpg,https://storage.googleapis.com/gisworkspace/public/imagery/historicsites/UNLVRobb.jpg
5425,Stop n Glow Bus Stop Shelter 2010,Eric Pawloski,Bus stop shelter artwork on acrylic wind-screen panels for the Downtown Rapid Transit Stations,S Grand Central and W Bonneville,Project completed in collaboration with the RTC and Clark County  Cultural Affairs,Ward 1,36.1646782331,-115.155883406,https://storage.googleapis.com/gisworkspace/public/imagery/historicsites/StopandGlowEricPawloski.jpg,https://storage.googleapis.com/gisworkspace/public/imagery/historicsites/StopandGlowEricPawloski.jpg
5441,A Place to Grow 2006,Larry Barbara Domsky,Glass and metal wall sculpture,Mirabelli Community Center Lobby,6200 Hargrove Ave,Ward 1 (CLV Collection),36.1728902266,-115.226596824,https://storage.googleapis.com/gisworkspace/public/imagery/historicsites/APlacetoGrow.jpg,https://storage.googleapis.com/gisworkspace/public/imagery/historicsites/APlacetoGrow.jpg
5444,Tribute to a Fallen Fire Fighter 2002,John Banks,Bronze sculpture with rolled aluminum railings,Firefighter's Memorial Park,6401 W Oakey BLVD,Ward 1 (CLV Collection),36.1500692476,-115.236133525,https://storage.googleapis.com/gisworkspace/public/imagery/historicsites/TributeToAFallenFireFighter.jpg,https://storage.googleapis.com/gisworkspace/public/imagery/historicsites/TributeToAFallenFireFighter.jpg
5424,Stop n Glow Bus Stop Shelter 2010,Sean Russell,Bus stop shelter artwork on acrylic wind-screen panels for the Downtown Rapid Transit Stations,S Casino Center and  Garces,Project completed in collaboration with the RTC and Clark County Cultural Affairs,Ward 3,36.1639538087,-115.148530844,https://storage.googleapis.com/gisworkspace/public/imagery/historicsites/StopandGlowSeanRussell.jpg,https://storage.googleapis.com/gisworkspace/public/imagery/historicsites/StopandGlowSeanRussell.jpg
5463,Stop n Glow Bus Stop Shelter 2010,Stephen Hendee,Bus stop shelter artwork on acrylic wind-screen panels for the Downtown Rapid Transit Stations,S Casino Center and Carson,Project completed in collaboration with the RTC and Clark County Cultural Affairs,Ward 3,36.1697916863,-115.144550211,https://storage.googleapis.com/gisworkspace/public/imagery/historicsites/StopandGlowStephenHendee.jpg,https://storage.googleapis.com/gisworkspace/public/imagery/historicsites/StopandGlowStephenHendee.jpg
5464,Stop n Glow Bus Stop Shelter 2010,Todd VonBastiaans,Bus stop shelter artwork on acrylic wind-screen panels for the Downtown Rapid Transit Stations,S Main and  E St Louis,Project completed in collaboration with the RTC and Clark County Cultural Affairs,Ward 3,36.1493795681,-115.154137091,https://storage.googleapis.com/gisworkspace/public/imagery/historicsites/StopandGlowToddVonBastiaans.jpg,https://storage.googleapis.com/gisworkspace/public/imagery/historicsites/StopandGlowToddVonBastiaans.jpg
5467,Stop n Glow Bus Stop Shelter 2010,Evan Dent,Bus stop shelter artwork on acrylic wind-screen panels for the Downtown Rapid Transit Stations,S Casino Center and Coolidge,Project completed in collaboration with the RTC and Clark County Cultural Affairs,Ward 3,36.1599515912,-115.15107055,https://storage.googleapis.com/gisworkspace/public/imagery/historicsites/StopandGlowEvanDent.jpg,https://storage.googleapis.com/gisworkspace/public/imagery/historicsites/StopandGlowEvanDent.jpg
5461,Arts District Tree Guards 2000,Jeff Fulmer,Metal frames with rust finish,4th Street in front of the Historic 5th Street School  and 4th Street between Clark and Lewis,401 S 4th Street,Ward 3 (CLV Collection),36.1656884305,-115.144266488,https://storage.googleapis.com/gisworkspace/public/imagery/historicsites/ArtsDistrictTreeGuards.jpg,https://storage.googleapis.com/gisworkspace/public/imagery/historicsites/ArtsDistrictTreeGuards.jpg
5432,Breaking Ground 2005 ,Steven Liguori,Stainless and rusted steel,Mary Dutton Park,750 E Charleston  BLVD  near S. 8th Street,Ward 3 (CLV Collection),36.1584984087,-115.143468934,https://storage.googleapis.com/gisworkspace/public/imagery/historicsites/BreakingGround.jpg,https://storage.googleapis.com/gisworkspace/public/imagery/historicsites/BreakingGround.jpg
5433,Bright Horizons 2010  ,Larry and Barbara Domsky,Plexiglas panels,Stupak Community Center Lobby,251 W Boston  Ave,Ward 3 (CLV Collection),36.1470629148,-115.159900733,https://storage.googleapis.com/gisworkspace/public/imagery/historicsites/BrightHorizons.jpg,https://storage.googleapis.com/gisworkspace/public/imagery/historicsites/BrightHorizons.jpg
5436,Martini Tables and Benches 2003,Christoff Koon,Terrazzo picnic tables and benches located throughout the park,Huntridge Circle Park,1251 S Maryland Parkway,Ward 3 (CLV Collection),36.1563555483,-115.136957529,https://storage.googleapis.com/gisworkspace/public/imagery/historicsites/CircleParkMartiniTablesAndBenches.jpg,https://storage.googleapis.com/gisworkspace/public/imagery/historicsites/CircleParkMartiniTablesAndBenches.jpg
5474,Monument to the Simulacrum 2007,Stephen Hendee,Metal and resin,5th Street School Centennial Plaza,401 S 4th  Street,Ward 3 (CLV Collection),36.1658460232,-115.143943708,https://storage.googleapis.com/gisworkspace/public/imagery/historicsites/MonumentToTheSimulacrum.jpg,https://storage.googleapis.com/gisworkspace/public/imagery/historicsites/MonumentToTheSimulacrum.jpg
5439,Nitelite 2005,Mary Warner and Rayann Figler,Light fixture paint and recycled light bulbs from original FSE canopy,First floor of the Fremont Street Experience Red Garage,495  Fremont  Street,Ward 3 (CLV Collection),36.1689275507,-115.141604383,https://storage.googleapis.com/gisworkspace/public/imagery/historicsites/Nitelite2.jpg,https://storage.googleapis.com/gisworkspace/public/imagery/historicsites/Nitelite2.jpg
5480,Presidential Portraits (Clinton G.W. Bush Obama) 1993 2001 2009,Walter Pfyl,Oil on Canvas,2nd Floor City Council Chambers,495 S Main Street,Ward 3 (CLV Collection),36.167138491,-115.148253766,https://storage.googleapis.com/gisworkspace/public/imagery/historicsites/PortraitsWilliamJClinton42GeorgeWBush43BarackObama44.JPG,https://storage.googleapis.com/gisworkspace/public/imagery/historicsites/PortraitsWilliamJClinton42GeorgeWBush43BarackObama44.JPG
5479,Presidential Portraits (Reagan - George H.W. Bush) 1981 1989,Jon Mardel,Oil on Canvas,2nd Floor City Council Chambers,495 S Main Street,Ward 3 (CLV Collection),36.1673706745,-115.148099553,https://storage.googleapis.com/gisworkspace/public/imagery/historicsites/PortraitsRonaldReagan40GeorgeHWBush41.JPG,https://storage.googleapis.com/gisworkspace/public/imagery/historicsites/PortraitsRonaldReagan40GeorgeHWBush41.JPG
5478,Presidential Portraits (Washington - Carter) 1976,Lawrence Williams,Oil on Canvas,2nd Floor City Council Chambers,495 S Main Street,Ward 3 (CLV Collection),36.167500661,-115.148696441,https://storage.googleapis.com/gisworkspace/public/imagery/historicsites/PortraitsGeorgeWashington1ThroughJimmyCarter39.JPG,https://storage.googleapis.com/gisworkspace/public/imagery/historicsites/PortraitsGeorgeWashington1ThroughJimmyCarter39.JPG
5477,Rivalis 1 (Nancy and Oscar) 2012,Sean Russell,Oil pastel and digital print on recycled fabric,1st Floor lobby,City Hall 495 S. Main Street,Ward 3 (CLV Collection),36.1671693618,-115.148874728,https://storage.googleapis.com/gisworkspace/public/imagery/historicsites/NancyandOscarRivalis1.JPG,https://storage.googleapis.com/gisworkspace/public/imagery/historicsites/NancyandOscarRivalis1.JPG
5475,Rivalis 2 (Lance's Storm) 2012,Sean Russell,Oil pastel and digital print on recycled fabric,Grand staircase between 1st and 2nd Floors,City Hall 495 S Main Street,Ward 3 (CLV Collection),36.1676014116,-115.148072395,https://storage.googleapis.com/gisworkspace/public/imagery/historicsites/LancesStormRivalis2.JPG,https://storage.googleapis.com/gisworkspace/public/imagery/historicsites/LancesStormRivalis2.JPG
5481,Rivalis 4 2012,Sean Russell,Oil pastel and digital print on recycled fabric,4th Floor Office of Cultural Affairs,City Hall 495 S Main Street,Ward 3 (CLV Collection),36.1672967336,-115.148751682,https://storage.googleapis.com/gisworkspace/public/imagery/historicsites/Rivalis4.JPG,https://storage.googleapis.com/gisworkspace/public/imagery/historicsites/Rivalis4.JPG
5419,Rivalis 5 2012,Sean Russell,Oil pastel and digital print on recycled fabric,3rd Floor near Purchasing and Contracts conference Room,City Hall 495 S Main Street,Ward 3 (CLV Collection),36.1669833075,-115.148598128,https://storage.googleapis.com/gisworkspace/public/imagery/historicsites/Rivalis5.JPG,https://storage.googleapis.com/gisworkspace/public/imagery/historicsites/Rivalis5.JPG
5420,Rivalis 6 2012,Sean Russell,Oil pastel and digital print on recycled fabric,5th Floor reception area near Parks Recreation and Neighborhood Services,City Hall 495 S Main Street,Ward 3 (CLV Collection),36.1676971723,-115.148175389,https://storage.googleapis.com/gisworkspace/public/imagery/historicsites/Rivalis6.JPG,https://storage.googleapis.com/gisworkspace/public/imagery/historicsites/Rivalis6.JPG
5422,Rivalis 8 2012,Sean Russell,Oil pastel and digital print on recycled fabric,3rd Floor near Purchasing and Contracts reception window,City Hall 495 S Main Street,Ward 3 (CLV Collection),36.1671067861,-115.148453927,https://storage.googleapis.com/gisworkspace/public/imagery/historicsites/Rivalis8.JPG,https://storage.googleapis.com/gisworkspace/public/imagery/historicsites/Rivalis8.JPG
5423,Sara Winnemucca 2006,Benjamin Victor,Cast bronze,2nd Floor City Hall near Council Chambers,495 S Main Street,Ward 3 (CLV Collection),36.1671915198,-115.148672268,https://storage.googleapis.com/gisworkspace/public/imagery/historicsites/SaraWinnemucca.JPG,https://storage.googleapis.com/gisworkspace/public/imagery/historicsites/SaraWinnemucca.JPG
5451,Stewart Ranch 1949 ,Crosby DeMoss,Oil on canvas,2nd Floor City Council Chambers,495 S Main Street,Ward 3 (CLV Collection),36.1672852815,-115.148224721,https://storage.googleapis.com/gisworkspace/public/imagery/historicsites/StewartRanch.JPG,https://storage.googleapis.com/gisworkspace/public/imagery/historicsites/StewartRanch.JPG
5452,The Smile 2012,Niki J. Sands,Mixed-media sculpture,2nd Floor Outdoor Patio,City Hall 495 S Main Street,Ward 3 (CLV Collection),36.1673763528,-115.148612427,https://storage.googleapis.com/gisworkspace/public/imagery/historicsites/TheSmile.JPG,https://storage.googleapis.com/gisworkspace/public/imagery/historicsites/TheSmile.JPG
5453,TheANCIENTS 2012,Zak Ostrowski,Charcoal graphite colored pencil and watercolor on American walnut panels,2nd Floor NOW Cafe,City Hall 495 S Main Street,Ward 3 (CLV Collection),36.1676159286,-115.147867623,https://storage.googleapis.com/gisworkspace/public/imagery/historicsites/TheAncients.JPG,https://storage.googleapis.com/gisworkspace/public/imagery/historicsites/TheAncients.JPG
5454,Touched by an Angel 2012 ,Dale Mathis,Mixed-media sculpture,7th Floor Lobby,City Hall 495 S Main Street,Ward 3 (CLV Collection),36.1677615032,-115.148553834,https://storage.googleapis.com/gisworkspace/public/imagery/historicsites/TouchedByAnAngel.JPG,https://storage.googleapis.com/gisworkspace/public/imagery/historicsites/TouchedByAnAngel.JPG
5440,bristles... 2012,Zak Ostrowski,Charcoal graphite colored pencil and watercolor on spalted maple panels,1st Floor Lobby City Hall,495 S Main Street,Ward 3 (CLV Collection),36.167799144,-115.148412458,https://storage.googleapis.com/gisworkspace/public/imagery/historicsites/Bristles2.JPG,https://storage.googleapis.com/gisworkspace/public/imagery/historicsites/Bristles2.JPG
5450,Southern Nevada Law Enforcement Memorial 2009,Adolfo Gonzalez,Steel and neon sculpture,Police Memorial Park,3230 Metro Academy Way,Ward 4 (CLV Collection),36.2216482075,-115.309796954,https://storage.googleapis.com/gisworkspace/public/imagery/historicsites/SouthernNevadaLawEnforcementMemorial.jpg,https://storage.googleapis.com/gisworkspace/public/imagery/historicsites/SouthernNevadaLawEnforcementMemorial.jpg
5466,Stop n Glow Bus Stop Shelter 2010,Brian Porray,Bus stop shelter artwork on acrylic wind-screen panels for the Downtown Rapid Transit Stations,Grand Central and W Bonneville,Project completed in collaboration with the RTC and Clark County Cultural Affairs,Ward 5,36.1706559847,-115.153378213,https://storage.googleapis.com/gisworkspace/public/imagery/historicsites/StopandGlowBrianPorray.jpg,https://storage.googleapis.com/gisworkspace/public/imagery/historicsites/StopandGlowBrianPorray.jpg
5449,Ancestral Gateway 2008,Adolfo Gonzalez Harold Bradford Dayo Adelaja  Collier Sylvester and Denise Duarte,Steel sculpture and concrete sidewalk pavers with resin insets,Front entrance of the Doolittle Senior Center,947 W Lake Mead BLVD,Ward 5 (CLV Collection),36.1940053736,-115.153622122,https://storage.googleapis.com/gisworkspace/public/imagery/historicsites/AncestralGateway.jpg,https://storage.googleapis.com/gisworkspace/public/imagery/historicsites/AncestralGateway.jpg
5470,Ancestral Gateway and Stepping Stones 2008,Denise Duarte,Cast ceramic wall sculptures,Classroom Hallway,Doolittle Senior Center 947 W Lake Mead  BLVD,Ward 5 (CLV Collection),36.1933849495,-115.155329544,https://storage.googleapis.com/gisworkspace/public/imagery/historicsites/AncestralGatewaySteppingStones.jpg,https://storage.googleapis.com/gisworkspace/public/imagery/historicsites/AncestralGatewaySteppingStones.jpg
5471,Doolittle Park Mural 2001,Todd Anderson and Kevin Buckner,Painted outdoor mural,Doolittle Park Restroom,947 W Lake Mead  BLVD,Ward 5 (CLV Collection),36.1950089822,-115.155531517,https://storage.googleapis.com/gisworkspace/public/imagery/historicsites/DoolittleParkMural.jpg,https://storage.googleapis.com/gisworkspace/public/imagery/historicsites/DoolittleParkMural.jpg
5434,Fire Hose Art 1997 ,John Banks,Rolled steel fire hose couplings,Fire Station #3,2645 W Washington Ave,Ward 5 (CLV Collection),36.1808856739,-115.176860424,https://storage.googleapis.com/gisworkspace/public/imagery/historicsites/FireHoseArt.jpg,https://storage.googleapis.com/gisworkspace/public/imagery/historicsites/FireHoseArt.jpg
5427,Flourish 2011,Denise Duarte,Sidewalk art made from resin adhesive,Located on the sidewalks along the Cultural Corridor Trail,N Casino Center and Stewart east along Bonanza and Las Vegas Boulevard between Bonanza and Washington,Ward 5 (CLV Collection),36.1795315486,-115.134570095,https://storage.googleapis.com/gisworkspace/public/imagery/historicsites/CulturalCorridorSideWalkArt.jpg,https://storage.googleapis.com/gisworkspace/public/imagery/historicsites/CulturalCorridorSideWalkArt.jpg
5456,Flourish 2011,Denise Duarte,Sidewalk art made from resin adhesive,Located on the sidewalks along the Cultural Corridor Trail,N Casino Center and Stewart east along Bonanza and Las Vegas Boulevard between Bonanza and Washington,Ward 5 (CLV Collection),36.180697444,-115.13293177,https://storage.googleapis.com/gisworkspace/public/imagery/historicsites/CulturalCorridorSideWalkArt1.jpg,https://storage.googleapis.com/gisworkspace/public/imagery/historicsites/CulturalCorridorSideWalkArt1.jpg
5438,Nephele 2013,Cyd Bown,Sculpture of fabric thread and steel,City of Las Vegas Development Services Center Lobby,333 N Rancho Drive,Ward 5 (CLV Collection),36.1762075463,-115.175792655,https://storage.googleapis.com/gisworkspace/public/imagery/historicsites/Nephele.jpg,https://storage.googleapis.com/gisworkspace/public/imagery/historicsites/Nephele.jpg
5435,Old Westside School Tile Mural 1997,Fox Tile Studio,Glazed ceramic tiles,South facing wall of the Historic Westside School,330 W  Washington Ave,Ward 5 (CLV Collection),36.1814753201,-115.146283069,https://storage.googleapis.com/gisworkspace/public/imagery/historicsites/UntitledOldWestSchool.JPG,https://storage.googleapis.com/gisworkspace/public/imagery/historicsites/UntitledOldWestSchool.JPG
5472,Rain Forest Mural 1993,Jose Belver,Painted outdoor mural,Fire Station #3,2645 E Washington Ave,Ward 5 (CLV Collection),36.1807237944,-115.177105596,https://storage.googleapis.com/gisworkspace/public/imagery/historicsites/RainForestMural.jpg,https://storage.googleapis.com/gisworkspace/public/imagery/historicsites/RainForestMural.jpg
5437,Tribute to Lubertha Johnson 2000,Harold Bradford Idika Nsofor John Welsh and Stephanie Perrone,Painted mural benches and printed banners,Lubertha Johnson Park,2201 Concord Street,Ward 5 (CLV Collection),36.1993520648,-115.156289463,https://storage.googleapis.com/gisworkspace/public/imagery/historicsites/TributeToLuberthaJohnson.jpg,https://storage.googleapis.com/gisworkspace/public/imagery/historicsites/TributeToLuberthaJohnson.jpg
5462,Vegas Arabesque 2011,David Griggs,Illuminated pedestrian bridge gateway,Spans Las Vegas Blvd between the Natural History Museum and the Las Vegas Library,888 Las Vegas BLVD,Ward 5 (CLV Collection),36.1791647443,-115.134817394,https://storage.googleapis.com/gisworkspace/public/imagery/historicsites/Bridge.jpg,https://storage.googleapis.com/gisworkspace/public/imagery/historicsites/Bridge.jpg
5469,Markers 2008,Darius Kuzmickas,Photographic images laminated into glass,Main lobby Centennial Hills Community Center YMCA,6601 N Buffalo  Drive,Ward 6 (CLV Collection),36.2823928772,-115.262933029,https://storage.googleapis.com/gisworkspace/public/imagery/historicsites/Markers.jpg,https://storage.googleapis.com/gisworkspace/public/imagery/historicsites/Markers.jpg
5448,Polly Gonzales Tile Mural 2006,Various Elementary and Middle Schools,Hand painted ceramic tiles,Polly Gonzales Park restroom building,5425 Corbett Street,Ward 6 (CLV Collection),36.2656124295,-115.218602432,https://storage.googleapis.com/gisworkspace/public/imagery/historicsites/PollyGonzalesMural.JPG,https://storage.googleapis.com/gisworkspace/public/imagery/historicsites/PollyGonzalesMural.JPG
